ARI Diamondbacks Arizona		arizona-diamondbacks  291 Arizona		 ARI ari
ATL Braves       Atlanta        atlanta-braves	      151 Atlanta        ATL atl
BAL Orioles      Baltimore      baltimore-orioles	  011 Baltimore      BAL bal
BOS Red_Sox      Boston         boston-red-sox	      021 Boston         BOS bos
CHC Cubs         Chi_Cubs		chicago-cubs	      161 Chi._Cubs      CHC chc
CWS White_Sox    Chi_Sox		chicago-white-sox	  041 Chi._White_Sox CWS cws
CHW White_Sox	 Chi_Sox		chicago-white-sox	  041 Chi._White_Sox CHW chw
CIN Reds         Cincinnati		cincinnati-reds	      171 Cincinnati     CIN cin
CLE Guardians    Cleveland	    cleveland-guardians	  051 Cleveland      CLE cle
COL Rockies      Colorado	    colorado-rockies	  271 Colorado       COL col
DET Tigers       Detroit	    detroit-tigers	      061 Detroit        DET det
HOU Astros       Houston	    houston-astros	      181 Houston        HOU hou
KCR Royals       Kansas_City	kansas-city-royals	  071 Kansas_City    KC  kc
LAA Angels       LA_Angels		los-angeles-angels	  001 L.A._Angels    LAA laa
LAD Dodgers      LA_Dodgers 	los-angeles-dodgers	  191 L.A._Dodgers   LAD lad
MIA Marlins      Miami			miami-marlins	      281 Miami          MIA mia
MIL Brewers      Milwaukee	    milwaukee-brewers	  081 Milwaukee      MIL mil
MIN Twins        Minnesota	    minnesota-twins	      091 Minnesota      MIN min
NYM Mets         NY_Mets		new-york-mets	      211 N.Y._Mets      NYM nym
NYY Yankees      NY_Yankees 	new-york-yankees	  101 N.Y._Yankees   NYY nyy
OAK Athletics    Oakland		oakland-athletics	  111 Oakland        OAK oak
PHI Phillies     Philadelphia   philadelphia-phillies 221 Philadelphia   PHI phi
PIT Pirates      Pittsburgh	    pittsburgh-pirates	  231 Pittsburg      PIT pit
STL Cardinals    St._Louis		st-louis-cardinals	  241 St._Louis      STL stl
SDP Padres       San_Diego		san-diego-padres	  251 San_Diego      SD  sd
SEA Mariners     Seattle		seattle-mariners	  121 Seattle        SEA sea
SFG Giants       SF_Giants		san-francisco-giants  261 San_Francisco  SF  sf
TBR Rays         Tampa_Bay		tampa-bay-rays	      301 Tampa_Bay      TB  tb
TEX Rangers      Texas			texas-rangers	      131 Texas          TEX tex
TOR Blue_Jays    Toronto		toronto-blue-jays	  141 Toronto        TOR tor
WSH Nationals    Washington		washington-nationals  201 Washington     WAS was WSN
