ARI Diamondbacks Arizona		arizona-diamondbacks  291 Arizona		 ARI
ATL Braves       Atlanta        atlanta-braves	      151 Atlanta        ATL
BAL Orioles      Baltimore      baltimore-orioles	  011 Baltimore      BAL
BOS Red_Sox      Boston         boston-red-sox	      021 Boston         BOS
CHC Cubs         Chi_Cubs		chicago-cubs	      161 Chi._Cubs      CHC
CWS White_Sox    Chi_Sox		chicago-white-sox	  041 Chi._White_Sox CWS
CHW White_Sox	 Chi_Sox		chicago-white-sox	  041 Chi._White_Sox CHW
CIN Reds         Cincinnati		cincinnati-reds	      171 Cincinnati     CIN
CLE Guardians    Cleveland	    cleveland-guardians	  051 Cleveland      CLE
COL Rockies      Colorado	    colorado-rockies	  271 Colorado       COL
DET Tigers       Detroit	    detroit-tigers	      061 Detroit        DET
HOU Astros       Houston	    houston-astros	      181 Houston        HOU
KCR Royals       Kansas_City	kansas-city-royals	  071 Kansas_City    KC
LAA Angels       LA_Angels		los-angeles-angels	  001 L.A._Angels    LAA
LAD Dodgers      LA_Dodgers 	los-angeles-dodgers	  191 L.A._Dodgers   LAD
MIA Marlins      Miami			miami-marlins	      281 Miami          MIA
MIL Brewers      Milwaukee	    milwaukee-brewers	  081 Milwaukee      MIL
MIN Twins        Minnesota	    minnesota-twins	      091 Minnesota      MIN
NYM Mets         NY_Mets		new-york-mets	      211 N.Y._Mets      NYM
NYY Yankees      NY_Yankees 	new-york-yankees	  101 N.Y._Yankees   NYY
OAK Athletics    Oakland		oakland-athletics	  111 Oakland        OAK
PHI Phillies     Philadelphia   philadelphia-phillies 221 Philadelphia   PHI
PIT Pirates      Pittsburgh	    pittsburgh-pirates	  231 Pittsburg      PIT
STL Cardinals    St._Louis		st-louis-cardinals	  241 St._Louis      STL
SDP Padres       San_Diego		san-diego-padres	  251 San_Diego      SD
SEA Mariners     Seattle		seattle-mariners	  121 Seattle        SEA
SFG Giants       SF_Giants		san-francisco-giants  261 San_Francisco  SF
TBR Rays         Tampa_Bay		tampa-bay-rays	      301 Tampa_Bay      TB
TEX Rangers      Texas			texas-rangers	      131 Texas          TEX
TOR Blue_Jays    Toronto		toronto-blue-jays	  141 Toronto        TOR
WSH Nationals    Washington		washington-nationals  201 Washington     WAS